Voornaam;Achternaam;afkoring;Adres;Postcode;Stad;Email adres;Telefoonnummer;Wachtwoord;Afdeling;Wachtwoord veranderen na eerste keer inloggen
Brecht;Eisses;;Eduard van Beinumstraat 177;7558 DP;Hengelo;SamAccountName@domainName;06-74763410;zaTeish3;Directie;true
Dimas;Klunder;;Olivier van Noortstraat 148;7534 BK;Enschede;SamAccountName@domainName;06-75466046;Ailohy0Ph;administratie;true
Cherinda;Goudsmit;;Kiepennest 11;3829 DE;Hooglanderveen;SamAccountName@domainName;06-90112047;guahee4Ae;Administratie;true
Dionysius;trueiram;;Louise de Colignylaan 22;4461 SK;Goes;SamAccountName@domainName;06-36464529;Hohthai4Su;Administratie;true
Belal;Imming;;Narcissenstraat 113;3073 CP;Rotterdam;SamAccountName@domainName;06-51304606;ahJ0aesaima;Administratie;true
Maia;Vegt;;Haviklaan 80;6951 JS;Dieren;SamAccountName@domainName;06-46017928;seich7Th;Administratie;true
Nahid;van Duijnhoven;;Lisserdijk 14;2165 AA;Lisserbroek;SamAccountName@domainName;06-22775068;ieth9JeePh8n;Administratie;true
Bilal;van Bruggen;;truen van Avennesstraat 95;3021 RS;Rotterdam;SamAccountName@domainName;06-17118310;Ui4wootaith;Administratie;true
Saron;van Middelkoop;;t Hungeling 103;6961 DV;Eerbeek;SamAccountName@domainName;06-51666439;aelienoN8ee;Administratie;true
Rene;Meulmeester;;Keizer Ottostraat 133;1402 VS;Bussum;SamAccountName@domainName;06-99576224;peo3ooThie;Administratie;true
Gwendoline;Koenderink;;Burgersveld 59;7327 CD;Apeldoorn;SamAccountName@domainName;06-50079940;Vuphahsah5;Administratie;true
Aren;Slobbe;;Poortland 171;1602 ME;Enkhuizen;SamAccountName@domainName;06-97484882;quuiSho7eed;Administratie;true
Rinke;Overman;;Schoenerstraat 171;2957 EW;Nieuw-Lekkerland;SamAccountName@domainName;06-47737206;Yeim4ooD;Administratie;true
Banu;Westerik;;Donker Curtiusstraat 17;4384 GG;Vlissingen;SamAccountName@domainName;06-52998750;yaiWo7chiiy;Administratie;true
Mitzi;Beekwilder;;Gaaiweg 121;7331 KM;Apeldoorn;SamAccountName@domainName;06-21164398;uaF1cha6;inkoop;true
Berkay;Vos;;Potgieterstraat 50;5615 GD;Eindhoven;SamAccountName@domainName;06-60355608;joogh4Coo;inkoop;true
Chakir;Oprins;;Benedeneind Noordzijde 1;3405 CG;Benschop;SamAccountName@domainName;06-95878053;ieP6eeTooGah;inkoop;true
Simon;Velders;;Vijverlaan 184;6443 BA;Brunssum;SamAccountName@domainName;06-74205849;aiveeFaed9ei;inkoop;true
Emmelie;Duiker;;Druivenstraat 136;2671 SH;Naaldwijk;SamAccountName@domainName;06-64584137;uzaada4Ij7;inkoop;true
Gea;Heessels;;Radioweg 185;7348 BG;Radio Kootwijk;SamAccountName@domainName;06-97837781;raet7ieLeJ;inkoop;true
Tamira;Braams;;Einthovenlaan 174;6952 GT;Dieren;SamAccountName@domainName;06-73914917;thae3ho5Eep;inkoop;true
Christal;Meens;;Ilperveldstraat 78;1024 PJ;Amsterdam;SamAccountName@domainName;06-75376527;oa6AhjeeYai;inkoop;true
Ewald;van Westerop;;Nieuwstraat 184;4311 AN;Bruinisse;SamAccountName@domainName;06-55988943;ohBa4eipei;inkoop;true
Machelina;Boekestijn;;Zuiderhout 170;1695 AS;Blokker;SamAccountName@domainName;06-84265833;ev7Aigheep;inkoop;true
Ference;Schaminée;;Stationsplein 100;4561 GC;Hulst;SamAccountName@domainName;06-36020613;Xiovaph3Soh;inkoop;true
Ayhan;Ramlal;;Beekmanstraat 68;3313 CA;Dordrecht;SamAccountName@domainName;06-54648568;Aesh2En1;inkoop;true
Leo;Poos;;Kastanjelaan 141;4241 DC;Arkel;SamAccountName@domainName;06-71990255;Ti5eiQuae;inkoop;true
Jedidtrue;Wolterink;;Chabothof 110;3862 ZG;Nijkerk;SamAccountName@domainName;06-30047776;aeleasio6Ahk;Verkoop;true
Jon;Nap;;Erasmuslaan 1;3707 ZA;Zeist;SamAccountName@domainName;06-43030634;eecoh3aiZ4;Verkoop;true
Thim;Nijhof;;Reyktruevikweg 74;2548 VA;Den Haag;SamAccountName@domainName;06-49034418;IeJ6eang;Verkoop;true
Kaydee;Spreeuwenberg;;Hoofdstraat 161;2931 CL;Krimpen aan de Lek;SamAccountName@domainName;06-32677589;ThaGhoh6gu7;Verkoop;true
Thiemo;Kole;;Julianalaan 169;6269 CP;Margraten;SamAccountName@domainName;06-12335367;ziele9Pie;Verkoop;true
Tino;Gubbels;;Bluisterplein 112;7261 CM;Ruurlo;SamAccountName@domainName;06-84818153;Aehoodoo8x;Verkoop;true
Helène;Penning;;Schilddragerstraat 50;5247 KM;Rosmalen;SamAccountName@domainName;06-28748181;woof9Oojoo;Verkoop;true
Dagmar;Wanrooij;;Korte Schaft 145;3991 AT;Houten;SamAccountName@domainName;06-41703993;ETh6ohhiec1;Verkoop;true
Danila;Burgering;;De Beemden 55;5271 BJ;Sint-Michielsgestel;SamAccountName@domainName;06-99477134;mieSho3ia9to;Verkoop;true
Naz;van den Born;;Grasbeemd 189;5658 HC;Eindhoven;SamAccountName@domainName;06-14572251;uX3aighee;Verkoop;true
Zaynab;Potman;;Burgemeester Mooijstraat 117;1901 EP;Castricum;SamAccountName@domainName;06-22664107;iequ7Foogae;Productie;true
Tolga;Handgraaf;;Geestweg 141;2681 HE;Monster;SamAccountName@domainName;06-97511994;za4kodeeC;Productie;true
İlayda;Goudriaan;;Laauwikstraat 185;6663 CE;Lent;SamAccountName@domainName;06-94247109;ciza4raXoh;Productie;true
Luuc;Vaes;;Laing's Nekstraat 146;1092 GX;Amsterdam;SamAccountName@domainName;06-97453693;Eyoquee0re;Productie;true
Sweder;van der Walle;;Mierloseweg 124;5707 AP;Helmond;SamAccountName@domainName;06-71351097;oodu2Zeemie;Productie;true
Süreyya;Roijen;;Carry van Bruggenstraat 10;7321 JK;Apeldoorn;SamAccountName@domainName;06-80898957;Ifoh7iej1;Productie;true
Jelmer;Voortman;;Kapelaan Koningstraat 173;4453 BJ;s-Heerenhoek;SamAccountName@domainName;06-63582438;pahGhi3ae;Productie;true
Karst;Waterschoot;;Schulpweg 56;3084 NJ;Rotterdam;SamAccountName@domainName;06-62593598;kiuPier7Bei;Productie;true
Yousif;Zonnenberg;;Buitenwatersloot 156;2613 ST;Delft;SamAccountName@domainName;06-51046929;Rux8tie3;Productie;true
Mouna;Geurds;;Van Schoonhovenstraat 63;8022 CC;Zwolle;SamAccountName@domainName;06-44461177;aiP7vai1shoo;Productie;true
Skye;de Raadt;;Prinsenhofweg 91;7761 PR;Schoonebeek;SamAccountName@domainName;06-40017546;utia7xeuPh;Productie;true
Dilek;Leusink;;Vlosseveen 67;3755 JZ;Eemnes;SamAccountName@domainName;06-90537187;eephoize7Ai;Productie;true
Maud;van Sprundel;;Methardusstraat 178;9853 PC;Munnekezijl;SamAccountName@domainName;06-87725605;eiNeepeez4;Productie;true
Pernilla;Visch;;Kugelslaan 57;9628 TK;Siddeburen;SamAccountName@domainName;06-29071912;Fai6Shai1;Productie;true
Elife;Engelbertink;;Luitpad 32;6922 KG;Duiven;SamAccountName@domainName;06-75238312;KiefeeM7uag1;Productie;true
Arnoldina;Romkes;;Hulshorststraat 89;2573 ER;Den Haag;SamAccountName@domainName;06-93763250;opuoP1oazah;Productie;true
Teddie;Domburg;;Gerard den Brabanderlaan 102;3454 LM;De Meern;SamAccountName@domainName;06-97323766;phiex1Tit7ae;Productie;true
Pieterdina;Loo;;Tussenlanen 83;2861 CD;Bergambacht;SamAccountName@domainName;06-46893781;laqu8IeX1;Productie;true
Krystian;de Klein;;Professor Doctor M.W. Beyerinckstraat 160;9989 CA;Warffum;SamAccountName@domainName;06-43368010;sha3aghaim5W;Productie;true
Yaniek;Sanches;;Cranberrylaan 174;1326 JR;Almere;SamAccountName@domainName;06-71578866;diesh0Choo;Productie;true
Jory;Fernandes;;Ridderhoflaan 166;3451 XD;Vleuten;SamAccountName@domainName;06-93362063;aeGh4ohgi1a;Productie;true
Linus;Rikkers;;truecob van Houtestraat 198;7442 NE;Nijverdal;SamAccountName@domainName;06-80628501;coob8ooL;Productie;true
Cis;Boumans;;De Akker 192;1757 PE;Oudesluis;SamAccountName@domainName;06-39054038;thaeKo8Yo;Productie;true
Johnathan;Dolleman;;Ridder Fulcolaan 191;3953 BT;Maarsbergen;SamAccountName@domainName;06-81078967;aiX0yaisei;Productie;true
Reggy;van Puijenbroek;;Meester Rinkstraat 106;4005 VJ;Tiel;SamAccountName@domainName;06-17666680;roGa7eichoh;Productie;true
Jean;truenssens;;Haringvlietstraat 91;3313 ED;Dordrecht;SamAccountName@domainName;06-52669717;xa2looChai;Productie;true
Riley;Sijbers;;Loudelsweg 66;1861 TC;Bergen;SamAccountName@domainName;06-16336688;ooch6VeiP9O;Productie;true
Serana;Schell;;Saskerstraat 158;1831 CZ;Koedijk;SamAccountName@domainName;06-55772631;paiGhooj5yu;Productie;true
Biko;van Lokven;;Limastraat 20;2548 HC;Den Haag;SamAccountName@domainName;06-69067906;Aquei7Feec;Productie;true
Rudy;Marijt;;Otmanlanden 154;7542 CW;Enschede;SamAccountName@domainName;06-78003280;Iim9neitah;Productie;true
Mirza;Appelman;;Reijmerstokkerdorpsstraat 160;6274 NL;Reijmerstok;SamAccountName@domainName;06-69606373;Fi5oothohng;Productie;true
Safa;Meerwijk;;Watercirkel 90;1186 LP;Amstelveen;SamAccountName@domainName;06-58610711;vuw7le4Ee;Productie;true
Joann;Sneep;;Pauwenkamp 113;4175 EV;Haaften;SamAccountName@domainName;06-36269335;ieKopae7Ee;Productie;true
Tyrone;van de Kant;;Broekhovenseweg 77;5022 CA;Tilburg;SamAccountName@domainName;06-32543210;Bo2yo4ip4;Productie;true
Florijn;Arkenbout;;Herenweg 154;3513 CH;Utrecht;SamAccountName@domainName;06-22882270;ooLahng8;Productie;true
Luana;Koornneef;;Meerenakkerweg 67;5652 AR;Eindhoven;SamAccountName@domainName;06-32731053;aebieS0w;Productie;true
Nasra;Heijerman;;Lierweg 188;2678 CS;De Lier;SamAccountName@domainName;06-87566636;it4ohdoh1Bae;Productie;true
Hava;Brandsma;;Munsterstraat 200;7543 ZP;Enschede;SamAccountName@domainName;06-70955395;dahs6Chee;Productie;true
Maykel;Sahin;;Zuidveld 196;9755 TK;Onnen;SamAccountName@domainName;06-89774492;Ei2oshi8ue;Productie;true
Remzi;de Bonte;;Vlaszak 150;4611 JZ;Bergen op Zoom;SamAccountName@domainName;06-74332494;Aej3ricoh;Productie;true
Rachèlle;Nieuwdorp;;Wenslauerstraat 190;1053 AV;Amsterdam;SamAccountName@domainName;06-20335505;AikeiWie4Sho;Productie;true
Ihsan;Hibma;;Schiekade 37;3033 BM;Rotterdam;SamAccountName@domainName;06-48029536;hu8iThaeX8h;Productie;true
Mady;Vermaas;;Steeland 20;4554 BT;Westdorpe;SamAccountName@domainName;06-47760137;eloobaeY9W;Productie;true
Krzysztof;Demirel;;Graanakker 62;2743 EL;Waddinxveen;SamAccountName@domainName;06-78331401;Ade5niejei;Productie;true
Joaquim;ten Oever;;Karelspad 29;7963 DJ;Ruinen;SamAccountName@domainName;06-50805643;ohlahphaj3iR;Productie;true
Amely;van der Schaar;;Veldschuurdijk 20;6181 PD;Elsloo;SamAccountName@domainName;06-70127818;uR2mo8uChei;Productie;true
Rishan;Dusseljee;;Meerkoetstraat 52;5702 LK;Helmond;SamAccountName@domainName;06-65658156;lie9ooMu0Ee;Productie;true
Marcelina;Augustinus;;Rijksstraatweg 152;7383 AM;Voorst;SamAccountName@domainName;06-60749127;die7Uatae;Productie;true
Nasser;van de Veen;;Thijmstraat 118;6531 CR;Nijmegen;SamAccountName@domainName;06-46618094;Aedagh7vohl;Productie;true
Josephus;van den Bout;;De Eglantier 145;7329 DC;Apeldoorn;SamAccountName@domainName;06-62677207;in3Phohgh;Productie;true
Abdirizak;Niesing;;Orionlaan 192;7771 EJ;Hardenberg;SamAccountName@domainName;06-75123128;Ouch0ohp;Productie;true
Rinaldo;Tuit;;Den Heuvel 79;6881 VB;Velp;SamAccountName@domainName;06-44009938;ho0ufiiLoh;Techniek;true
Ate;van den Berkmortel;;Clarissenbuurt 191;1811 GB;Alkmaar;SamAccountName@domainName;06-23979345;eiNg8uox5;Techniek;true
Habib;van Rijswijk;;Doctor J.C. Homanstraat 9;7741 TZ;Coevorden;SamAccountName@domainName;06-31017986;ihei6ahH1ai;Techniek;true
Zowie;Valster;;Zeewijksingel 8;4388 ES;Oost-Souburg;SamAccountName@domainName;06-63422739;ahm3cugheP;Techniek;true
Maryse;Beverdam;;Ondernemingsweg 23;1422 DZ;Uithoorn;SamAccountName@domainName;06-82709403;ooM6kohse;Techniek;true
truentiene;Nicolai;;Neptunus 47;1115 VA;Duivendrecht;SamAccountName@domainName;06-46918420;lei2Aithoh;Techniek;true
Geesje;Slijkerman;;Kapershoekseweg 140;3191 GP;Hoogvliet;SamAccountName@domainName;06-90997302;iavoshi1xiGh;Automatisering;true
Desney;Kalk;;Waaigat 61;2225 BJ;Katwijk;SamAccountName@domainName;06-72172889;Aechiesoi5Ah;Automatisering;true
Aren;Verzijl;;Baanstraat 114;6372 AD;Landgraaf;SamAccountName@domainName;06-47564119;heiniYu6;Automatisering;true
